Ram,85
Ram,85
Nikhil,98
Nisha,99
Rohan,43
Amit,24
Anil,45
Megha,55
Sita,95
Ram,85
Ram,85
Nikhil,98
Nisha,99
Rohan,43
Amit,24
Anil,45
Megha,55
Sita,95
Ram,85
Ram,85
Nikhil,98
Nisha,99
Rohan,43
Amit,24
Anil,45
Megha,55
Sita,95
Ram,85
Ram,85
Nikhil,98
Nisha,99
Rohan,43
Amit,24
Anil,45
Megha,55
Sita,95
Ram,85
Ram,85
Nikhil,98
Nisha,99
Rohan,43
Amit,24
Anil,45
Megha,55
Sita,95
Ram,85
Ram,85
Nikhil,98
Nisha,99
Rohan,43
Amit,24
Anil,45
Megha,55
Sita,95
